2	BMW MINI CTBA	BMW	S	1
3	BMW CTBA MARECHAL	BMW	S	1
14	BMW CTBA (CRA)	BMW	S	1
69	BMW JOINVILLE	BMW	S	1
302	EURO IMPORT CALHAU	BMW	S	1
301	EURO IMPORT COLOMBIA	BMW	S	1
304	EURO IMPORT JD EUROPA	BMW	S	1
17	EURO IMPORT NACOES	BMW	S	1
303	EURO IMPORT SOCORRO	OUTROS	S	1
305	EURO IMPORT VILA OLIMPIA	BMW	S	1
5	LAND ROVER CURITIBA	LAND ROVER	S	4
6	LAND ROVER LONDRINA	LAND ROVER	S	4
13	LAND ROVER MARINGA	LAND ROVER	S	4
88	LAND ROVER (CRA)	LAND ROVER	S	4
21	LAND ROVER CASCAVEL	LAND ROVER	S	4
20	LAND ROVER MORUMBI	LAND ROVER	S	4
8	MOTOS SUL	BMW	S	7
82	MOTOS SUL- CASCAVEL	BMW	S	7
83	MOTOS SUL - JOINVILLE	BMW	S	7
11	BMW LONDRINA	BMW	S	10
12	BMW CASCAVEL	BMW	S	10
91	LEAPMOTOR CALHAU	LEAPMOTOR	S	90
101	HONDA ARICANDUVA	HONDA CARRO	S	100
102	HONDA GUARULHOS	HONDA CARRO	S	100
461	HONDA PINHEIROS	HONDA CARRO	S	100
462	HONDA ITAIM BIBI	HONDA CARRO	S	100
463	HONDA MORUMBI	HONDA CARRO	S	100
103	HONDA STO ANDRE	HONDA CARRO	S	100
104	HONDA SBC	HONDA CARRO	S	100
202	TOYOTA TATUAPE	TOYOTA	S	200
203	TOYOTA OSASCO	TOYOTA	S	200
204	TOYOTA SAO MIGUEL	TOYOTA	S	200
205	TOYOTA GUARULHOS	TOYOTA	S	200
207	TSERVICE - GUARULHOS	TOYOTA	S	200
225	TOYOTA ALPHAVILLE	TOYOTA	S	200
228	TOYOTA SJC	TOYOTA	S	200
276	TOYOTA TAUBATE	TOYOTA	S	200
286	TOYOTA ARICANDUVA	TOYOTA	S	200
288	TOYOTA TAMBORE	LEXUS	S	200
321	ORGINAL ESTACO- HYUNDAI	HYUNDAI	S	320
351	CRA - GUARULHOS	OUTROS	S	350
361	GAC - MOGI	GAC MOTOR	S	360
362	GAC - CALHAU	GAC MOTOR	S	360
363	GAC - GUARULHOS	GAC MOTOR	S	360
364	GAC - SAO J. DOS CAMPOS	GAC MOTOR	S	360
381	HARLEY - NACOES	HARLEY DAVIDSON	S	380
382	HARLEY - BARRA FUNDA	HARLEY DAVIDSON	S	380
385	HARLEY - VILA OLIMPIA	HARLEY DAVIDSON	S	380
391	KTM - VL OLIMPIA	OUTROS	S	390
401	KIA - RENASCENCA	KIA	S	400
421	NEW ENGLAND NACOES	TRIUMPH	S	420
422	NEW ENGLAND SAO LUIS	TRIUMPH	S	420
423	NEW ENGLAND BARRA FUNDA	TRIUMPH	S	420
424	NEW ENGLAND SOCORRO	TRIUMPH	S	420
441	FORD VILA GUILHERME	FORD	S	440
442	FORD JAFET	FORD	S	440
481	GWM GUARULHOS STA FRANCI	GWM	S	480
482	GWM SAO JOSE	GWM	S	480
483	GWM MOGI CENTRO	GWM	S	480
484	GWM TAUBATE	GWM	S	480
486	GWM IBIRAPUERA	GWM	S	480
488	GWM JAFET	GWM	S	480
489	GWM NACOES	GWM	S	480
501	YAMAHA SAO LUIS	YAMAHA	S	500
502	YAMAHA IPES	YAMAHA	S	500
503	YAMAHA PACO LUMIAR	YAMAHA	S	500
521	CHERY CALHAU	CHERY	S	520
561	FIAT PIRES DN:91091	FIAT	S	560
562	FIAT USADOS PIRES	FIAT	S	560
563	FIAT VL PRUDENTE DN:91187	FIAT	S	560
564	FIAT GUARULHOS DN:90817	FIAT	S	560
566	FIAT GUARULHOS 2 DN:90754	FIAT	S	560
571	FIAT SAO MIGUEL	FIAT	S	560
601	NACIONAL SAO PAULO	MULTIMARCAS	S	600
602	NACIONAL ARARAQUARA	MULTIMARCAS	S	600
603	NACIONAL TAUBATE	MULTIMARCAS	S	600
604	NACIONAL SAO CARLOS	MULTIMARCAS	S	600
605	NACIONAL PIRACICABA	MULTIMARCAS	S	600
606	NACIONAL INDAIATUBA	MULTIMARCAS	S	600
607	NACIONAL CALHAU	MULTIMARCAS	S	600
608	NACIONAL JUNDIAI	MULTIMARCAS	S	600
610	NACIONAL AMERICANA	MULTIMARCAS	S	600
611	NACIONAL CAMPINAS	MULTIMARCAS	S	600
612	NACIONAL CAMPO GRANDE	MULTIMARCAS	S	600
613	NACIONAL PRAIA GRANDE	MULTIMARCAS	S	600
614	NACIONAL RIO CLARO	MULTIMARCAS	S	600
615	NACIONAL LIMEIRA	MULTIMARCAS	S	600
617	NACIONAL JOAO PESSOA	MULTIMARCAS	S	600
619	NACIONAL BELO HORIZONTE	MULTIMARCAS	S	600
627	NACIONAL RECIFE	MULTIMARCAS	S	600
628	NACIONAL GOIANIA	MULTIMARCAS	S	600
629	NACIONAL PORTO ALEGRE	MULTIMARCAS	S	600
701	GM JARACATY	GM	S	700
702	GM CALHAU	GM	S	700
704	GM MARANHAO	GM	S	700
731	GT MATRIZ	MULTIMARCAS	S	730
732	GT COMPLEXO	MULTIMARCAS	S	730
733	GT DANIEL	MULTIMARCAS	S	730
734	GT PATIO NORTE	MULTIMARCAS	S	730
735	GT HOLANDESES	MULTIMARCAS	S	730
791	ORIGINAL NICE SAO LUIS	RENAULT	S	790
801	VW SAO MIGUEL	VOLKSWAGEN	S	800
802	VW DO VALE	VOLKSWAGEN	S	800
804	VW MOGI	VOLKSWAGEN	S	800
805	VW ARUJA	VOLKSWAGEN	S	800
806	VW SUZANO I	VOLKSWAGEN	S	800
807	VW GRU I TIRADENTES	VOLKSWAGEN	S	800
808	VW SAO BERNARDO	VOLKSWAGEN	S	800
810	VW DUTRA	VOLKSWAGEN	S	800
813	VW TAUBATE II	VOLKSWAGEN	S	800
815	VW CARAGUA	VOLKSWAGEN	S	800
817	VW ABRAAO II	VOLKSWAGEN	S	800
818	VW ABRAAO I	VOLKSWAGEN	S	800
819	VW CURSINO	VOLKSWAGEN	S	800
821	VW BRAZ LEME	VOLKSWAGEN	S	800
822	VW VERGUEIRO	VOLKSWAGEN	S	800
823	VW ARICANDUVA	VOLKSWAGEN	S	800
824	VW GOMES CARDIN	VOLKSWAGEN	S	800
825	VW MORUMBI	VOLKSWAGEN	S	800
826	VW NACOES	VOLKSWAGEN	S	800
851	RENAULT IPIRANGA	RENAULT	S	850
852	RENAULT VILA PRUDENTE	RENAULT	S	850
854	RENAULT VILA GUILHERME	RENAULT	S	850
855	RENAULT BRAZ LEME	RENAULT	S	850
857	RENAULT SAO LUIS	RENAULT	S	850
871	BYD GUARULHOS	BYD AUTOMOVEIS	S	870
872	BYD SJC COLINAS	BYD AUTOMOVEIS	S	870
873	BYD SAO LUIS	BYD AUTOMOVEIS	S	870
874	BYD PACAEMBU	BYD AUTOMOVEIS	S	870
875	BYD EDUARDO ELIAS	BYD AUTOMOVEIS	S	870
876	BYD RICARDO BRANDAO	BYD AUTOMOVEIS	S	870
877	BYD DEPOSITO	BYD AUTOMOVEIS	S	870
882	BYD CALHAU	BYD AUTOMOVEIS	S	870
901	VOLVO CALHAU	VOLVO	S	900
902	VOLVO PACAEMBU	VOLVO	S	900
903	VOLVO MORUMBI	VOLVO	S	900
932	PEUGEOT GUARULHOS	PEUGEOT	S	930
933	CITROEN GUARULHOS	CITROEN	S	930
939	CITROEN VILA PRUDENTE	CITROEN	S	930
1001	PEUGEOT NEW PR MARANHAO	PEUGEOT	S	1000
1002	CITROEN NEW PR MARANHAO	CITROEN	S	1000
1011	FIAT TURIM MARANHAO	FIAT	S	1010
1012	JEEP TURIM MARANHAO	JEEP	S	1010
1021	PEUGEOT GREEN NACOES	PEUGEOT	S	1020
1023	CITROEN GREEN GIOVANNI	CITROEN	S	1020
1024	PEUGEOT GREEN ARICANDUV	PEUGEOT	S	1020
1051	AMERICAN STAR MORATO	JEEP	S	1050
